{
  "project_info": {
    "project_number": "1072503966000",
    "project_id": "lugares-286ab",
    "storage_bucket": "lugares-286ab.appspot.com"
  },
  "client": [
    {
      "client_info": {
        "mobilesdk_app_id": "1:1072503966000:android:ad82cfa31d7eabfc03e0f5",
        "android_client_info": {
          "package_name": "com.example.lugares"
        }
      },
      "oauth_client": [
        {
          "client_id": "1072503966000-4rv80k1brnj9arv0ftq5obs0t30q5g5p.apps.googleusercontent.com",
          "client_type": 3
        }
      ],
      "api_key": [
        {
          "current_key": "AIzaSyDlyyZe6j2ANrqEyXnDKNNt6JDfTkQrHGA"
        }
      ],
      "services": {
        "appinvite_service": {
          "other_platform_oauth_client": [
            {
              "client_id": "1072503966000-4rv80k1brnj9arv0ftq5obs0t30q5g5p.apps.googleusercontent.com",
              "client_type": 3
            }
          ]
        }
      }
    }
  ],
  "configuration_version": "1"
}